Event_ID,Event_Name,Category,Venue_Name,Full_Address,Neighborhood,Description,Regular_All_In_CAD,Senior_All_In_CAD,Student_All_In_CAD,Member_All_In_CAD,Show_1_Date,Show_1_Start_Time,Show_1_End_Time,Show_1_All_In_Cost,Show_2_Date,Show_2_Start_Time,Show_2_End_Time,Show_2_All_In_Cost,Show_3_Date,Show_3_Start_Time,Show_3_End_Time,Show_3_All_In_Cost,Discovery_URL,Details_URL,Ticket_URL,Ticket_Provider,Tags,Festival_Affiliation,Approval_Status,Curator_Notes
seawall-lost-lagoon,Stanley Park Seawall & Lost Lagoon Walk,outdoors,Stanley Park Seawall,"Georgia St & Park Dr, Vancouver","Downtown, Gastown & Yaletown","Scenic 9km coastal path offering uninterrupted views of Burrard Inlet, Lions Gate Bridge, and calm freshwater bird watching at Lost Lagoon.",0.0,,,,2026-09-08,06:00,,0.0,,,,,,,,,https://vancouver.ca/parks-recreation-culture/stanley-park.aspx,https://vancouver.ca/parks-recreation-culture/stanley-park.aspx,https://vancouver.ca/parks-recreation-culture/stanley-park.aspx,Free Public Access,"seawall, ocean-walk, stanley-park, sunset",None,Auto-Approved,
lynn-canyon-bridge,Lynn Canyon Suspension Bridge & Twin Falls,outdoors,Lynn Canyon Park,"3663 Park Rd, North Vancouver","North Shore, Burnaby & Metro","Visit the Ecology Centre, nestled in the temperate rainforest. Explore our nature museum, shop sustainable gifts, or join one of our engaging programs.",0.0,,,,2026-09-08,07:00,,0.0,,,,,,,,,https://ecologycentre.ca/trail-information/,https://ecologycentre.ca/trail-information/,https://ecologycentre.ca/trail-information/,Free Public Access,"suspension-bridge, rainforest, twin-falls, free-hike",None,Auto-Approved,
granville-island-market,Granville Island Public Market Boardwalk,outdoors,Granville Island Public Market,"1689 Johnston St, Vancouver",Granville Island & False Creek,"The Granville Island Public Market is the jewel in the Island’s crown. An indoor market featuring a fascinating assortment of colourful food, produce stores",0.0,,,,2026-09-08,09:00,,0.0,,,,,,,,,https://granvilleisland.com/public-market,https://granvilleisland.com/public-market,https://granvilleisland.com/public-market,Free Public Access,"public-market, boardwalk, buskers, false-creek",None,Auto-Approved,
vpl-central-rooftop,Vancouver Public Library Central Rooftop Garden,arts,VPL Central Library (Level 9),"350 W Georgia St, Vancouver","Downtown, Gastown & Yaletown","With views of the city skyline from a unique vantage point, the Phillips, Hager and North Garden on Level 9 provides Vancouver a publicly accessible rooftop garden within the downtown core. Whether you are seeking a respite from your busy day or a place to connect with friends, it is Vancouver’s natural meeting place.",0.0,,,,2026-09-08,10:00,,0.0,,,,,,,,,https://www.vpl.ca/branches/central/level-9/roofgarden,https://www.vpl.ca/branches/central/level-9/roofgarden,https://www.vpl.ca/branches/central/level-9/roofgarden,Free Public Access,"architecture, rooftop-terrace, quiet-spot, city-views",None,Auto-Approved,
ubc-rose-garden,UBC Rose Garden & Wreck Beach Trail,outdoors,UBC Rose Garden & Trail 6,"6301 NW Marine Dr, Vancouver","Kitsilano, Point Grey & UBC","The Rose Garden at UBC Vancouver has stunning ocean and mountain views, and more than a dozen types of roses blooming abundantly between June and September.",0.0,,,,2026-09-08,08:00,,0.0,,,,,,,,,https://visit.ubc.ca/see-and-do/gardens-and-nature/ubc-rose-garden/,https://visit.ubc.ca/see-and-do/gardens-and-nature/ubc-rose-garden/,https://visit.ubc.ca/see-and-do/gardens-and-nature/ubc-rose-garden/,Free Public Access,"rose-garden, ocean-view, ubc, coastal-trail",None,Auto-Approved,
queen-elizabeth-quarry,Queen Elizabeth Park Quarry Gardens & Viewpoint,outdoors,Queen Elizabeth Park,"4600 Cambie St, Vancouver",Mount Pleasant & South Vancouver,"Highest point in the City of Vancouver (152m above sea level) featuring dramatic sunken quarry gardens, manicured perennial flowers, footbridges, and panoramic skyline vistas. Completely free public park.",0.0,,,,2026-09-08,06:00,,0.0,,,,,,,,,https://vancouver.ca/parks-recreation-culture/queen-elizabeth-park.aspx,https://vancouver.ca/parks-recreation-culture/queen-elizabeth-park.aspx,https://vancouver.ca/parks-recreation-culture/queen-elizabeth-park.aspx,Free Public Access,"quarry-garden, panoramic-view, cambie-corridor, city-view",None,Auto-Approved,
ubc-wsoc-twu,UBC Women's Soccer vs. TWU,activities,Thunderbird Stadium,"6288 Stadium Rd, Vancouver","Kitsilano, Point Grey & UBC","UBC Thunderbirds Tickets: Pricing, Entry Policies and 2025–26 Season Information",17.5,,,,2026-09-26,18:00,,17.5,,,,,,,,,https://gothunderbirds.ca/sports/2021/9/14/ticketing-details-2025-26.aspx,https://gothunderbirds.ca/sports/2021/9/14/ticketing-details-2025-26.aspx,https://gothunderbirds.ca/sports/2021/9/14/ticketing-details-2025-26.aspx,Paciolan Verified,"varsity-sports, ubc-soccer, womens-soccer, twu-spartans, rivalry, thunderbirds",None,Auto-Approved,
ubc-fball-uofc,UBC Football vs. U of C,activities,Thunderbird Stadium,"6288 Stadium Rd, Vancouver","Kitsilano, Point Grey & UBC","UBC Thunderbirds Tickets: Pricing, Entry Policies and 2025–26 Season Information",17.5,,,,2026-10-16,18:00,,17.5,,,,,,,,,https://gothunderbirds.ca/sports/2021/9/14/ticketing-details-2025-26.aspx,https://gothunderbirds.ca/sports/2021/9/14/ticketing-details-2025-26.aspx,https://gothunderbirds.ca/sports/2021/9/14/ticketing-details-2025-26.aspx,Paciolan Verified,"varsity-sports, ubc-football, calgary-dinos, u-sports, thunderbirds, stadium",None,Auto-Approved,
ubc-mbball-twu,UBC Men's Basketball vs. TWU,activities,War Memorial Gym,"6081 University Blvd, Vancouver","Kitsilano, Point Grey & UBC","UBC Thunderbirds Tickets: Pricing, Entry Policies and 2025–26 Season Information",17.5,,,,2026-10-29,19:30,,17.5,,,,,,,,,https://gothunderbirds.ca/sports/2021/9/14/ticketing-details-2025-26.aspx,https://gothunderbirds.ca/sports/2021/9/14/ticketing-details-2025-26.aspx,https://gothunderbirds.ca/sports/2021/9/14/ticketing-details-2025-26.aspx,Paciolan Verified,"varsity-sports, ubc-basketball, twu-spartans, war-memorial, thunderbirds, hoops",None,Auto-Approved,
eb-puff-magic-improv,Puff the Magic Improv Show (Revue Stage),shows,Revue Stage Granville Island,"1601 Johnston St, Vancouver",Granville Island & False Creek,Puff is the IMPROV show that elevates comedy to that DRAGON level.19+ Presented at the beautiful Revue Stage on Granville Island!,20.0,,,,2026-09-26,20:00,,20.0,,,,,,,,,https://www.eventbrite.ca/e/puff-the-magic-improv-show-sept-26-2026-tickets-1990456461859,https://www.eventbrite.ca/e/puff-the-magic-improv-show-sept-26-2026-tickets-1990456461859,https://www.eventbrite.ca/e/puff-the-magic-improv-show-sept-26-2026-tickets-1990456461859,Eventbrite Verified,"granville-island, revue-stage, improv, puff-the-magic-improv-show-sept-26-2026-vancouver, puff-the-magic-improv-show-sept-26-2026, puff-the-magic-improv-show-sept-26-2026-tickets",None,Auto-Approved,
eb-alistair-ogden-rio,Alistair Ogden Live at The Rio Theatre,shows,The Rio Theatre,"1660 E Broadway, Vancouver",Commercial Drive & East Vancouver,Hello! It's me! Vancouver's hometown boy returning to an iconic East Van theatre for my biggest stand up comedy show yet. Don't miss it.,27.96,,,,2026-12-04,19:30,,27.96,,,,,,,,,https://www.eventbrite.ca/e/alistair-ogden-live-at-the-rio-theatre-tickets-1987403826344,https://www.eventbrite.ca/e/alistair-ogden-live-at-the-rio-theatre-tickets-1987403826344,https://www.eventbrite.ca/e/alistair-ogden-live-at-the-rio-theatre-tickets-1987403826344,Eventbrite Verified,"cbc-comedy, stand-up, rio-theatre, alistair-ogden-live-at-the-rio-theatre-tickets, alistair-ogden-live-at-the-rio-theatre, headliner",None,Auto-Approved,
vso-saturday-orpheum,Vancouver Symphony Orchestra: Saturday Night at The Orpheum,music,The Orpheum Theatre,"601 Smithe St, Vancouver","Downtown, Gastown & Yaletown",35 and under or a full-time student? Get $20 tickets to regular series VSO concerts with the All Access Pass program,25.2,,,,2026-10-03,20:00,,25.2,,,,,,,,,https://www.vancouversymphony.ca/all-access-pass/,https://www.vancouversymphony.ca/all-access-pass/,https://www.vancouversymphony.ca/all-access-pass/,Box Office / Direct Verified,"symphony, orpheum, classical-music, under-35, vso",None,Auto-Approved,
vso-sunday-orpheum,Vancouver Symphony Orchestra: Sunday Concert at The Orpheum,music,The Orpheum Theatre,"601 Smithe St, Vancouver","Downtown, Gastown & Yaletown",35 and under or a full-time student? Get $20 tickets to regular series VSO concerts with the All Access Pass program,25.2,,,,2026-10-04,14:00,,25.2,,,,,,,,,https://www.vancouversymphony.ca/all-access-pass/,https://www.vancouversymphony.ca/all-access-pass/,https://www.vancouversymphony.ca/all-access-pass/,Box Office / Direct Verified,"symphony, orpheum, classical-music, matinee, vso",None,Auto-Approved,
ludica-boardgames,"Pizzeria Ludica: 1,200+ Board Game Night",activities,Pizzeria Ludica,"189 Keefer Pl, Vancouver","Downtown, Gastown & Yaletown","Immerse yourself in Vancouver's ultimate board game parlor with over 1,200 titles ranging from party games to deep strategy epics. Enjoy authentic wood-fired Neapolitan pizza, craft beers, and Italian sodas with a $20.00 minimum spend per person (no separate game cover charge). Please note: During peak, busy evenings, table seating has a 2-hour maximum duration.",20.0,,,,2026-09-08,16:30,,20.0,,,,,,,,,https://www.pizzerialudica.com/,https://www.pizzerialudica.com/,https://www.pizzerialudica.com/,Walk-in / Table Reservation,"board-games, tabletop, wood-fired-pizza, craft-beer",None,Auto-Approved,
stanley-pitch-putt,Stanley Park Pitch & Putt: 18-Hole Round,activities,Stanley Park Pitch & Putt,"2099 Beach Ave, Vancouver","Downtown, Gastown & Yaletown",City of Vancouver 18-hole par-three golf course nestled under towering coastal Douglas firs and weeping willows next to English Bay.,17.5,,,,2026-09-08,08:00,,17.5,,,,,,,,,https://vancouver.ca/parks-recreation-culture/stanley-park-pitch-putt.aspx,https://vancouver.ca/parks-recreation-culture/stanley-park-pitch-putt.aspx,https://vancouver.ca/parks-recreation-culture/stanley-park-pitch-putt.aspx,City of Vancouver Park,"pitch-and-putt, golf, stanley-park, english-bay",None,Auto-Approved,
vag-first-friday,Vancouver Art Gallery: Free First Friday Nights,arts,Vancouver Art Gallery,"750 Hornby St, Vancouver","Downtown, Gastown & Yaletown","Through the generous support of BMO, the Vancouver Art Gallery offers free admission from 4 to 8 PM on the first Friday of every month.",0.0,,,,2026-10-02,16:00,,0.0,,,,,,,,,https://www.vanartgallery.bc.ca/free,https://www.vanartgallery.bc.ca/free,https://www.vanartgallery.bc.ca/free,BMO / Vancouver Art Gallery,"contemporary-art, emily-carr, free-first-friday, art-museum",None,Auto-Approved,
roxy-country-sunday,The Roxy Presents: Live Band Line Dancing,music,The Roxy Cabaret,"932 Granville St, Vancouver","Downtown, Gastown & Yaletown","Special Sunday country night at The Roxy featuring professional line dancing instruction at 9:30 PM followed by live country hits performed by The Roxy Rollers Country Edition. Advance tickets $6.00 + fee on Showpass, $8 at door.",7.24,,,,2026-09-27,21:00,,7.24,,,,,,,,,https://roxyvan.com/events,https://roxyvan.com/events,https://roxyvan.com/events,Showpass Verified,"country, line-dancing, live-band, roxy-rollers, dance-lesson, granville-strip",None,Auto-Approved,
public-disco-warehouse-party,Public Disco: Warehouse & Club Dance Fundraiser,music,The Birdhouse,"44 W 4th Ave, Vancouver, BC",Mount Pleasant & South Vancouver,"Dance Music Events in Vancouver, Canada",0.0,,,,,,,0.0,,,,,,,,,https://publicdisco.ca/events,https://publicdisco.ca/events,https://publicdisco.ca/events,Online Advance & Door Tickets,"public-disco, electronic, house-music, dance-party, warehouse, mount-pleasant",None,Auto-Approved,
ra-2477877-he-pot,VANTANIOR - Dark Bass in the Black,music,The Spot,520 Alexander Street,"Downtown, Gastown & Yaletown",Featured Vancouver electronic music and dance event authenticated via Resident Advisor at The Spot.,35.0,,,,2026-09-26,21:00,,35.0,,,,,,,,,https://ra.co/events/2477877,https://ra.co/events/2477877,https://ra.co/events/2477877,Resident Advisor Verified,"electronic, dance-party, club-night, dj-set, ra-vancouver",None,Auto-Approved,
ra-2502822-latform9,Thump! presents 1morning (Ilian Tape),music,Platform9,"390 Industrial Ave, Vancouver, BC V6A 2P3 Canada","Downtown, Gastown & Yaletown","Featured Vancouver electronic music and dance event authenticated via Resident Advisor at Platform9. Featuring live performances by 1morning, AWood, NOTEVENDOWN, Max Ulis, DJ Hockey.",22.0,,,,2026-09-26,23:00,,22.0,,,,,,,,,https://ra.co/events/2502822,https://ra.co/events/2502822,https://ra.co/events/2502822,Resident Advisor Verified,"electronic, dance-party, club-night, dj-set, ra-vancouver",None,Auto-Approved,
ra-2524035-he-argrove,DECEL / DIVERGE Art Rave + Manifesto Drop,music,The Hargrove,"Back Alley Entrance, 150 E 3rd Ave, Vancouver, BC V5T 3C1","Downtown, Gastown & Yaletown",Featured Vancouver electronic music and dance event authenticated via Resident Advisor at The Hargrove.,25.0,,,,2026-09-26,21:00,,25.0,,,,,,,,,https://ra.co/events/2524035,https://ra.co/events/2524035,https://ra.co/events/2524035,Resident Advisor Verified,"electronic, dance-party, club-night, dj-set, ra-vancouver",None,Auto-Approved,
ra-2537105-he-ed-oom,HEYZ at SUBculture Saturdays,music,The Red Room,"398 Richards St, Vancouver","Kitsilano, Point Grey & UBC",Featured Vancouver electronic music and dance event authenticated via Resident Advisor at The Red Room.,20.0,,,,2026-09-26,23:00,,20.0,,,,,,,,,https://ra.co/events/2537105,https://ra.co/events/2537105,https://ra.co/events/2537105,Resident Advisor Verified,"electronic, dance-party, club-night, dj-set, ra-vancouver",None,Auto-Approved,
ra-2541275-eo,An evening with Bobby Double at Meo,music,Meo,265 East Pender Street,"Downtown, Gastown & Yaletown","Featured Vancouver electronic music and dance event authenticated via Resident Advisor at Meo. Featuring live performances by Bobby Myseh, Body Double.",20.0,,,,2026-09-26,22:00,,20.0,,,,,,,,,https://ra.co/events/2541275,https://ra.co/events/2541275,https://ra.co/events/2541275,Resident Advisor Verified,"electronic, dance-party, club-night, dj-set, ra-vancouver",None,Auto-Approved,
ra-2543749-org-ish,"Gorg-O-Mish presents: Ricco, C-Star & Madam Lola",music,Gorg-O-Mish,"695 Smithe St; Vancouver, BC V6B 2C9; Canada","Downtown, Gastown & Yaletown","Featured Vancouver electronic music and dance event authenticated via Resident Advisor at Gorg-O-Mish. Featuring live performances by Ricco, C-Star.",25.0,,,,2026-09-26,23:59,,25.0,,,,,,,,,https://ra.co/events/2543749,https://ra.co/events/2543749,https://ra.co/events/2543749,Resident Advisor Verified,"electronic, dance-party, club-night, dj-set, ra-vancouver",None,Auto-Approved,
ra-2544313-he-ed-oom,PINEO & LOEB x Rumpus,music,The Red Room,"398 Richards St, Vancouver","Downtown, Gastown & Yaletown",Featured Vancouver electronic music and dance event authenticated via Resident Advisor at The Red Room.,31.6,,,,2026-09-26,21:30,,31.6,,,,,,,,,https://ra.co/events/2544313,https://ra.co/events/2544313,https://ra.co/events/2544313,Resident Advisor Verified,"electronic, dance-party, club-night, dj-set, ra-vancouver",None,Auto-Approved,
ra-2546198-okal-ekondo,captivate listening session,music,Lokal Sekondo,"1966 W 4th Ave, Vancouver, BC V6J 1M5","Downtown, Gastown & Yaletown",Featured Vancouver electronic music and dance event authenticated via Resident Advisor at Lokal Sekondo. Featuring live performances by captivate.,10.0,,,,2026-09-26,20:00,,10.0,,,,,,,,,https://ra.co/events/2546198,https://ra.co/events/2546198,https://ra.co/events/2546198,Resident Advisor Verified,"electronic, dance-party, club-night, dj-set, ra-vancouver",None,Auto-Approved,
public-disco-block-party,Public Disco: Open-Air Summer Block Party Series,social,Downtown Vancouver Plazas,"505 Burrard St, Vancouver, BC","Downtown, Gastown & Yaletown","Public Disco’s Downtown Block Party returns August 29 to the Vancouver Art Gallery North Plaza with all-vinyl DJ sets, record market, and a free all-ages dance floor.",0.0,,,,,,,0.0,,,,,,,,,https://publicdisco.ca/events/downtown2026,https://publicdisco.ca/events/downtown2026,https://publicdisco.ca/events/downtown2026,Downtown Vancouver Plazas Verified,"public-disco, social, block-party, dance-party, open-air, djs",None,Auto-Approved,
queen-elizabeth-theatre-vancouver-opera-tosca,Vancouver Opera: Tosca,shows,Queen Elizabeth Theatre,"630 Hamilton St, Vancouver, BC V6B 5N6","Downtown, Gastown & Yaletown","Vancouver Opera presents Tosca—a breathtaking opera where love burns bright against the dark tides of tyranny. Oct 24 to Nov 1, 2026, at the Queen Elizabeth Theatre.",25.0,,,,2026-10-24,19:30,,25.0,,,,,,,,,https://vancouvercivictheatres.com/events/vancouver-opera-tosca-oct-24-nov-1-2026/,https://vancouvercivictheatres.com/events/vancouver-opera-tosca-oct-24-nov-1-2026/,https://vancouvercivictheatres.com/events/vancouver-opera-tosca-oct-24-nov-1-2026/,Queen Elizabeth Theatre Verified,"queen-elizabeth-theatre, shows, live-calendar",None,Auto-Approved,
queen-elizabeth-theatre-ballet-bc-bodies-voices,Ballet BC: Bodies & Voices,shows,Queen Elizabeth Theatre,"630 Hamilton St, Vancouver, BC V6B 5N6","Downtown, Gastown & Yaletown","Ballet BC opens their season with a double bill from Dutch sibling choreographic duo Imre and Marne van Opstal, whose evocative work sees dance as a poetic, emotional laboratory. Nov 5 to 7, 2026, at the Queen Elizabeth Theatre in Vancouver.",19.0,,,,2026-11-05,19:30,,19.0,,,,,,,,,https://vancouvercivictheatres.com/events/ballet-bc-bodies-voices-nov-5-7-2026/,https://vancouvercivictheatres.com/events/ballet-bc-bodies-voices-nov-5-7-2026/,https://vancouvercivictheatres.com/events/ballet-bc-bodies-voices-nov-5-7-2026/,Queen Elizabeth Theatre Verified,"queen-elizabeth-theatre, shows, live-calendar",None,Auto-Approved,
queen-elizabeth-theatre-penn-teller,Penn & Teller,shows,Queen Elizabeth Theatre,"630 Hamilton St, Vancouver, BC V6B 5N6","Downtown, Gastown & Yaletown",Get tickets for Penn and Teller at Queen Elizabeth Theatre in Vancouver. MRG Presale: April 23 @ 10:00 AM PT On Sale : April 24 @ 10:00 AM PT From humble beginnings 50 years...,14.0,,,,2026-11-10,19:30,,14.0,,,,,,,,,https://admitone.com/events/penn-and-teller-vancouver-160744,https://admitone.com/events/penn-and-teller-vancouver-160744,https://admitone.com/events/penn-and-teller-vancouver-160744,Admitone Verified,"queen-elizabeth-theatre, shows, live-calendar",None,Auto-Approved,
viff-the-debut,"VIFF: ""All the Lovers in the Night"" (Special Presentation • Mieko Kawakami Adaptation)",cinema,SFU Goldcorp Centre for the Arts,"149 W Hastings St, Vancouver","Downtown, Gastown & Yaletown","Based on Mieko Kawakami&#039;s acclaimed novel, All the Lovers in the Night is a tender, luminous portrait of loneliness, intimacy, and the courage to be seen.",22.0,,,,2026-10-01,19:00,,22.0,,,,,,,,,https://viff.org/whats-on/viff26-all-the-lovers-in-the-night/,https://viff.org/whats-on/viff26-all-the-lovers-in-the-night/,https://viff.org/whats-on/viff26-all-the-lovers-in-the-night/,VIFF Box Office Verified,"mieko-kawakami, japanese-cinema, viff-2026, special-presentation, drama",None,Auto-Approved,
viff-the-sun-never-sets-oct2,"VIFF Spotlight: ""The Sun Never Sets"" (Friday Screening)",cinema,VIFF Centre,"1181 Seymour St, Vancouver","Downtown, Gastown & Yaletown","The Sun Never Sets in Alaska (in the summer), but love affairs don&#039;t last forever in this affectionate indie rom-com with Dakota Fanning.",20.9,,,,2026-10-02,18:30,,20.9,,,,,,,,,https://viff.org/whats-on/the-sun-never-sets/,https://viff.org/whats-on/the-sun-never-sets/,https://viff.org/whats-on/the-sun-never-sets/,VIFF Box Office Verified,"bc-spotlight, indie-comedy, viff-2026, canadian-cinema",None,Auto-Approved,
viff-the-sun-never-sets-oct4,"VIFF Spotlight: ""The Sun Never Sets"" (Sunday Matinee)",cinema,VIFF Centre,"1181 Seymour St, Vancouver","Downtown, Gastown & Yaletown","The Sun Never Sets in Alaska (in the summer), but love affairs don&#039;t last forever in this affectionate indie rom-com with Dakota Fanning.",20.9,,,,2026-10-04,13:30,,20.9,,,,,,,,,https://viff.org/whats-on/the-sun-never-sets/,https://viff.org/whats-on/the-sun-never-sets/,https://viff.org/whats-on/the-sun-never-sets/,VIFF Box Office Verified,"bc-spotlight, indie-comedy, viff-2026, canadian-cinema",None,Auto-Approved,
viff-wild-horse-nine,"VIFF Showcase: ""Filipiñana"" (Dir. Rafael Manuel • Cannes Winner)",cinema,The Rio Theatre,"1660 E Broadway, Vancouver",Commercial Drive & East Vancouver,Filipi&ntilde;ana features a luxury golf course in the Philippines in this striking composed comedy which mixes languid surrealism with pointed political satire.,22.0,,,,2026-10-11,19:30,,22.0,,,,,,,,,https://viff.org/whats-on/filipinana/,https://viff.org/whats-on/filipinana/,https://viff.org/whats-on/filipinana/,VIFF Box Office Verified,"cannes-winner, satire, viff-2026, world-cinema",None,Auto-Approved,
viff-union-county-oct3,"VIFF Showcase: ""Union County"" (Saturday Screening)",cinema,The Cinematheque,"1131 Howe St, Vancouver","Downtown, Gastown & Yaletown","In the addiction recovery drama Union County, Will Pouter and Noah Centenio are foster brothers trying to get free of their dependence on opioids.",20.9,,,,2026-10-03,18:30,,20.9,,,,,,,,,https://viff.org/whats-on/union-county/,https://viff.org/whats-on/union-county/,https://viff.org/whats-on/union-county/,VIFF Official Box Office,"viff, film-festival, american-indie, the-cinematheque",None,Auto-Approved,
viff-union-county-oct6,"VIFF Showcase: ""Union County"" (Tuesday Screening)",cinema,The Cinematheque,"1131 Howe St, Vancouver","Downtown, Gastown & Yaletown","In the addiction recovery drama Union County, Will Pouter and Noah Centenio are foster brothers trying to get free of their dependence on opioids.",20.9,,,,2026-10-06,20:45,,20.9,,,,,,,,,https://viff.org/whats-on/union-county/,https://viff.org/whats-on/union-county/,https://viff.org/whats-on/union-county/,VIFF Official Box Office,"viff, film-festival, american-indie, the-cinematheque",None,Auto-Approved,
viff-hanging-by-a-wire-oct4,"VIFF Showcase: ""Hanging by a Wire"" (Sunday Matinee)",cinema,VIFF Centre,"1181 Seymour St, Vancouver","Downtown, Gastown & Yaletown","The Himalayas, Aug 22, 2023: a cable car bearing 8 passengers is left hanging by a wire 900 feet above the ground when two out of three cables snap.",20.9,,,,2026-10-04,16:00,,20.9,,,,,,,,,https://viff.org/whats-on/hanging-by-a-wire/,https://viff.org/whats-on/hanging-by-a-wire/,https://viff.org/whats-on/hanging-by-a-wire/,VIFF Official Box Office,"viff, film-festival, documentary, himalayas, viff-centre",None,Auto-Approved,
viff-hanging-by-a-wire-oct7,"VIFF Showcase: ""Hanging by a Wire"" (Wednesday Screening)",cinema,VIFF Centre,"1181 Seymour St, Vancouver","Downtown, Gastown & Yaletown","The Himalayas, Aug 22, 2023: a cable car bearing 8 passengers is left hanging by a wire 900 feet above the ground when two out of three cables snap.",20.9,,,,2026-10-07,18:30,,20.9,,,,,,,,,https://viff.org/whats-on/hanging-by-a-wire/,https://viff.org/whats-on/hanging-by-a-wire/,https://viff.org/whats-on/hanging-by-a-wire/,VIFF Official Box Office,"viff, film-festival, documentary, himalayas, viff-centre",None,Auto-Approved,
rickshaw-theatre-ethan-regan-young-regan-tour,Ethan Regan - Young Regan Tour,music,Rickshaw Theatre,"254 E Hastings St, Vancouver, BC","Downtown, Gastown & Yaletown","Rising indie-folk singer-songwriter Ethan Regan brings his heartfelt acoustic melodies and emotive storytelling to the historic Rickshaw Theatre, performing tracks from his album 'Young Regan' with special guest harf.",29.5,,,,2026-10-03,19:30,,29.5,,,,,,,,,https://www.ticketmaster.ca/event/110064BBA2ED6B51,https://www.ticketmaster.ca/event/110064BBA2ED6B51,https://www.ticketmaster.ca/event/110064BBA2ED6B51,Rickshaw Theatre Verified,"rickshaw-theatre, music, live-calendar",None,Auto-Approved,
central-park-pitch-putt,Central Park Pitch & Putt: 18-Hole Round,outdoors,Central Park Pitch & Putt,"Kingsway & Boundary Rd, Central Park, Vancouver","North Shore, Burnaby & Metro",An 18-hole par-3 pitch and putt course carved into the towering fir and cedar forests of Central Park directly beside Patterson SkyTrain station.,17.5,,,,2026-09-08,08:00,,17.5,,,,,,,,,https://www.golfburnaby.ca/golf/central-park,https://www.golfburnaby.ca/golf/central-park,https://www.golfburnaby.ca/golf/central-park,Burnaby Parks & Recreation,"pitch-and-putt, golf, central-park, patterson-skytrain, outdoors",None,Auto-Approved,
