venue_name,website_url,calendar_url,full_address,neighborhood,description
Stanley Park Seawall,,https://vancouver.ca/parks-recreation-culture/stanley-park.aspx,"Georgia St & Park Dr, Vancouver","Downtown, Gastown & Yaletown",
Lynn Canyon Park,,https://ecologycentre.ca,"3663 Park Rd, North Vancouver","North Shore, Burnaby & Metro",
Granville Island Public Market,,https://granvilleisland.com/public-market,"1689 Johnston St, Vancouver",Granville Island & False Creek,
Kitsilano Beach Outdoor Amphitheatre,,https://kitsilanoshowboat.com/homepage/calendar/,"2300 Cornwall Ave, Vancouver","Kitsilano, Point Grey & UBC",
VPL Central Library (Level 9),,https://www.vpl.ca/branches/central/level-9/roofgarden,"350 W Georgia St, Vancouver","Downtown, Gastown & Yaletown",
Dr. Sun Yat-Sen Public Courtyard,,https://vancouverchinesegarden.com/visit/,"578 Carrall St, Vancouver","Downtown, Gastown & Yaletown",
UBC Rose Garden & Trail 6,,https://visit.ubc.ca/see-and-do/gardens-and-nature/ubc-rose-garden/,"6301 NW Marine Dr, Vancouver","Kitsilano, Point Grey & UBC",
Queen Elizabeth Park,,https://vancouver.ca/parks-recreation-culture/queen-elizabeth-park.aspx,"4600 Cambie St, Vancouver",Mount Pleasant & South Vancouver,
Little Mountain Gallery,,https://littlemountaingallery.ca/events,"110 Water St, Vancouver","Downtown, Gastown & Yaletown",
Bloedel Conservatory,,https://www.showpass.com/o/bloedel-conservatory/,"4600 Cambie St, Vancouver",Mount Pleasant & South Vancouver,
War Memorial Gym & Thunderbird Stadium,,https://gothunderbirds.ca/sports/2021/9/14/ticketing-details-2025-26.aspx,"6081 University Blvd, Vancouver","Kitsilano, Point Grey & UBC",
Chill x Studio,,https://chillxstudio.com,"1227 Richards St, Vancouver","Downtown, Gastown & Yaletown",
VIFF Centre (Seymour Atrium),,https://viff.org/whats-on/,"1181 Seymour St, Vancouver","Downtown, Gastown & Yaletown",
The Cinematheque,,https://thecinematheque.ca/films/calendar,"1131 Howe St, Vancouver","Downtown, Gastown & Yaletown",
The Portside Pub,,https://theportsidepub.com/bookings/,"7 Alexander St, Vancouver","Downtown, Gastown & Yaletown",
The Rio Theatre,,https://riotheatre.ca/calendar/,"1660 E Broadway, Vancouver",Commercial Drive & East Vancouver,
The Fox Cabaret,,https://www.foxcabaret.com/,"2321 Main St, Vancouver",Mount Pleasant & South Vancouver,
The Biltmore Cabaret,,https://biltmorecabaret.com/,"2755 Prince Edward St, Vancouver",Mount Pleasant & South Vancouver,
Scotiabank Field at Nat Bailey Stadium,,https://www.milb.com/vancouver/schedule,"4601 Ontario St, Vancouver",Mount Pleasant & South Vancouver,
Revue Stage Granville Island,,https://www.eventbrite.ca/e/puff-the-magic-improv-show-sept-26-2026-tickets-1990456461859,"1601 Johnston St, Vancouver",Granville Island & False Creek,
Tightrope Impro Theatre,,https://tightropetheatre.com/shows,"1330 Napier St, Vancouver",Commercial Drive & East Vancouver,
The Improv Centre,,https://theimprovcentre.ca/shows/,"1502 Duranleau St, Vancouver",Granville Island & False Creek,
The Rickshaw Theatre,,https://rickshawtheatre.com/events/,"254 E Hastings St, Vancouver","Downtown, Gastown & Yaletown",
Science World at TELUS World of Science,,https://www.scienceworld.ca/after-dark/,"1455 Quebec St, Vancouver",Granville Island & False Creek,
The Orpheum Theatre,,https://www.vancouversymphony.ca/concerts/,"601 Smithe St, Vancouver","Downtown, Gastown & Yaletown",
Pizzeria Ludica,,https://www.pizzerialudica.com/,"189 Keefer Pl, Vancouver","Downtown, Gastown & Yaletown",
Stanley Park Pitch & Putt,,https://vancouver.ca/parks-recreation-culture/stanley-park-pitch-putt.aspx,"2099 Beach Ave, Vancouver","Downtown, Gastown & Yaletown",
Vancouver Art Gallery,,https://www.vanartgallery.bc.ca/visit/,"750 Hornby St, Vancouver","Downtown, Gastown & Yaletown",
The Shipyards District,,https://www.cnv.org/Parks-Recreation/The-Shipyards,"125 Victory Ship Way, North Vancouver","North Shore, Burnaby & Metro",
Kitsilano Beach Park,,https://kitsilanoshowboat.com/,"1499 Arbutus St, Vancouver","Kitsilano, Point Grey & UBC",
Commercial Drive & Main Street,,https://www.carfreevancouver.org,"Commercial Dr & Main St, Vancouver",Commercial Drive & East Vancouver,
West 4th Avenue (Burrard to Macdonald),,https://khatsahlano.ca,"West 4th Ave, Vancouver","Kitsilano, Point Grey & UBC",
John Hendry Park (Trout Lake),,https://eatlocal.org/markets/trout-lake/,"3360 Victoria Dr, Vancouver",Commercial Drive & East Vancouver,
Kitsilano Community Centre Plaza,,https://eatlocal.org/markets/kitsilano/,"2690 Larch St, Vancouver","Kitsilano, Point Grey & UBC",
Guilt & Co.,,https://www.guiltandcompany.com/#ajsection-upcoming,"1 Alexander St (Below Ground), Vancouver","Downtown, Gastown & Yaletown",
UBC Instructional Resources Centre (IRC),,https://vaninstitute.ca,"2194 Health Sciences Mall, Vancouver","Kitsilano, Point Grey & UBC",
Colony Main Street,,https://iq2000trivia.com,"2904 Main St, Vancouver",Mount Pleasant & South Vancouver,
RUNVAN Clubhouse & Seawall,,https://runvan.org,"1288 W Georgia St, Vancouver","Downtown, Gastown & Yaletown",
Riley Park Plaza (Nat Bailey Stadium),,https://eatlocal.org/markets/riley-park/,"4601 Ontario St, Vancouver",Mount Pleasant & South Vancouver,
Nelson Park (West End),,https://eatlocal.org/markets/west-end/,"1100 Comox St, Vancouver","Downtown, Gastown & Yaletown",
Dude Chilling Park (Guelph Park),,https://eatlocal.org/markets/mount-pleasant/,"2390 Brunswick St, Vancouver",Mount Pleasant & South Vancouver,
Vancouver Art Gallery Plaza (North),,https://eatlocal.org/markets/downtown/,"750 Hornby St, Vancouver","Downtown, Gastown & Yaletown",
Concord Community Park (False Creek),,https://eatlocal.org/markets/false-creek/,"50 Pacific Blvd, Vancouver",Granville Island & False Creek,
UBC Farm (South Campus),,https://ubcfarm.ubc.ca/markets/,"3461 Ross Dr, Vancouver","Kitsilano, Point Grey & UBC",
2nd Floor Gastown,,https://www.waterstreetcafe.ca/2nd-floor-gastown,"300 Water St, Vancouver","Downtown, Gastown & Yaletown",
Frankie's Jazz Club,,https://frankiesjazzclub.com,"755 Beatty St, Vancouver","Downtown, Gastown & Yaletown",
The WISE Hall & Lounge,,https://wisehall.ca,"1882 Adanac St, Vancouver",Commercial Drive & East Vancouver,
The Anza Club,,https://anzaclub.org,"3 W 8th Ave, Vancouver",Mount Pleasant & South Vancouver,
Red Gate Arts Society,,https://redgate.tv/tickets/,"1151 E Hastings St, Vancouver","Downtown, Gastown & Yaletown",
LanaLou's,,https://lanalous.com,"362 Powell St, Vancouver","Downtown, Gastown & Yaletown",
The Roxy Cabaret,,https://roxyvan.com/events,"932 Granville St, Vancouver","Downtown, Gastown & Yaletown",
Café au Clay Studios,,https://cafeauclay.com/products/drop-in-pottery-painting,"1612 W 3rd Ave, Vancouver",Granville Island & False Creek,
Basic Inquiry Life Drawing Society,,https://lifedrawing.org/sessions,"1011 Main St, Vancouver","Downtown, Gastown & Yaletown",
Hand Eye Ceramics,,https://handeyeceramics.com/open-studio,"2202 Clark Dr, Vancouver",Commercial Drive & East Vancouver,
Claymates Ceramics Studio,,https://claymatesceramicsstudio.com,"1268 E Hastings St, Vancouver",Commercial Drive & East Vancouver,
Slice of Life Gallery & Studios,,https://www.slicevancouver.ca/events,"1636 Venables St, Vancouver",Commercial Drive & East Vancouver,
Public Disco Society,,https://publicdisco.ca/events,Bentall Centre Dunsmuir Plaza (Roving / Open-Air & Club),"Downtown, Gastown & Yaletown",
Bentall Centre Dunsmuir Plaza,,https://publicdisco.ca/events,"1055 Dunsmuir St, Vancouver","Downtown, Gastown & Yaletown",
The Birdhouse,,https://publicdisco.ca/events,"44 W 4th Ave, Vancouver",Mount Pleasant & South Vancouver,
The Shipyards Waterfront,,https://publicdisco.ca/events,"125 Victory Ship Way, North Vancouver, BC","North Shore, Burnaby & Metro",
Hollywood Theatre,,https://www.ticketmaster.ca/event/110064638F595700,"3123 W Broadway, Vancouver, BC","Kitsilano, Point Grey & UBC",
Rickshaw Theatre,,https://rickshawtheatre.com/,"254 E Hastings St, Vancouver, BC","Downtown, Gastown & Yaletown",
Waterfront Theatre,,https://www.carouseltheatre.ca/waterfront-theatre/,"1412 Cartwright St, Vancouver, BC",Granville Island & False Creek,
The Waldorf,,https://atthewaldorf.com/events,"1489 E Hastings St, Vancouver, BC V5L 1S4",Commercial Drive & East Vancouver,
The Cobalt,,https://thecobalt.ca/events,"917 Main St, Vancouver, BC V6A 2V8","Downtown, Gastown & Yaletown",
Carousel Theatre,,https://vancouverfringe.com/shows/,"Carousel Theatre, Vancouver, BC","Downtown, Gastown & Yaletown",
Commercial Drive,,https://www.carfreevancouver.org,"Commercial Drive, Vancouver, BC",Commercial Drive & East Vancouver,
Main Street,,https://www.carfreevancouver.org,"Main Street, Vancouver, BC",Mount Pleasant & South Vancouver,
Touchstone Theatre,,https://miss604.com/2026/09/vascular-necrosis-a-queer-zombie-love-story/,"Touchstone Theatre, Vancouver, BC","Downtown, Gastown & Yaletown",
Queen Elizabeth Park Pitch & Putt,https://vancouver.ca/parks-recreation-culture/queen-elizabeth-pitch-and-putt.aspx,,"Queen Elizabeth Park, Cambie St & W 33rd Ave, Vancouver, BC",Mount Pleasant & South Vancouver,
Rupert Park Pitch & Putt,https://vancouver.ca/parks-recreation-culture/rupert-park-pitch-and-putt.aspx,,"3402 Charles St, Vancouver, BC",Commercial Drive & East Vancouver,
Central Park Pitch & Putt,https://www.burnaby.ca/recreation-and-arts/programs-and-activities/golf/pitch-and-putt,,"Kingsway & Boundary Rd, Central Park, Vancouver/Burnaby, BC","North Shore, Burnaby & Metro",
Queen Elizabeth Theatre,,https://vancouvercivictheatres.com/events/,"630 Hamilton St, Vancouver, BC V6B 5N6","Downtown, Gastown & Yaletown",
